mode,n,rate,loadout,beforeBurstMs,afterBurstMs,beforeFirstDrawMs,afterFirstDrawMs,beforeEventMs,afterEventMs,eventReductionPercent,afterMaxEventMs,beforeEarlyDrawP95Ms,afterEarlyDrawP95Ms
normal,77,0,plain,19.899999998509884,7.100000001490116,5.9000000059604645,9.200000002980232,25.80000000447035,16.30000000447035,36.82170541997651,34.600000001490116,11.200000002980232,9.899999998509884
normal,77,0,chain,16,6.899999998509884,6,9.399999998509884,22,16,27.27272727272727,18.00000000745058,10.800000004470348,10.699999995529652
normal,77,0.22,plain,20.200000002980232,8.700000002980232,5.699999995529652,9.100000001490116,27.700000002980232,17.399999998509884,37.184115535603524,21.100000001490116,7.899999998509884,8.600000001490116
normal,77,0.22,chain,20.799999997019768,10.5,10.600000001490116,13.100000001490116,32.29999999701977,23.600000001490116,26.934984508768967,25.600000008940697,12,14.100000001490116
normal,77,0.5,plain,21.399999998509884,7.800000004470348,7.600000001490116,12,30.700000002980232,19.700000002980232,35.83061888902985,21.599999994039536,8.899999998509884,9.399999998509884
normal,77,0.5,chain,18.099999994039536,10.600000001490116,10.700000002980232,15.800000004470348,28.799999997019768,26.400000005960464,8.33333330315158,43.399999998509884,13.300000004470348,14.799999997019768
normal,240,0,plain,32.900000005960464,8,5.300000004470348,9.700000002980232,39,17.700000002980232,54.615384607743,18.19999999552965,5.9000000059604645,8.299999997019768
normal,240,0,chain,40.100000001490116,8.100000001490116,7.100000001490116,10.5,47.80000000447035,18.5,61.29707113332669,19,10.799999997019768,14
normal,240,0.22,plain,39,13.300000004470348,8.200000002980232,12.600000001490116,47,26,44.680851063829785,27.00000000745058,10.5,11.100000001490116
normal,240,0.22,chain,44.29999999701977,15.399999998509884,13,16.69999999552965,57.19999999552965,32.29999999701977,43.53146853226555,33.099999994039536,21.69999999552965,22.69999999552965
normal,240,0.5,plain,43,14.899999998509884,10.199999995529652,14.100000001490116,54.69999999552965,29.69999999552965,45.703839126221425,30.799999997019768,12.700000002980232,13.100000001490116
normal,240,0.5,chain,45.399999998509884,15.899999998509884,12.5,16.600000001490116,57.899999998509884,33.100000001490116,42.83246977143009,34.19999999552965,14.899999998509884,15.799999997019768
reduced,77,0,plain,12.399999998509884,4.399999998509884,1.6999999955296516,4.100000001490116,14.099999994039536,8.5,39.716312031253985,31.200000002980232,3.5,3.899999998509884
reduced,77,0,chain,10,4.100000001490116,1.8999999985098839,4.100000001490116,11.799999997019768,8,32.20338981338562,10.49999999254942,2.899999998509884,2.899999998509884
reduced,77,0.22,plain,10.299999997019768,5.600000001490116,1.8000000044703484,4.5,12.100000001490116,10.100000001490116,16.528925617799175,12.600000001490116,2.7999999970197678,3.100000001490116
reduced,77,0.22,chain,11.299999997019768,7.700000002980232,4.899999998509884,9.5,16,16.200000002980232,-1.2500000186264515,22.19999999552965,4.200000002980232,6.899999998509884
reduced,77,0.5,plain,10.199999995529652,8.299999997019768,2.399999998509884,5.399999998509884,12.5,16.099999994039536,-28.79999995231628,17.99999999254942,3.399999998509884,6.100000001490116
reduced,77,0.5,chain,11.799999997019768,14,5,12.899999998509884,16.799999997019768,26.899999998509884,-60.11904763858216,37.19999999552965,5,18.30000000447035
reduced,240,0,plain,19.299999997019768,4.899999998509884,1.5999999940395355,4.100000001490116,21.099999994039536,10.899999998509884,48.341232219957405,16.100000001490116,1.5999999940395355,7.4000000059604645
reduced,240,0,chain,19.200000002980232,6.299999997019768,1.7999999970197678,7,21,12.799999997019768,39.047619061810636,16.399999998509884,2.8000000044703484,4.899999998509884
reduced,240,0.22,plain,24.80000000447035,10.399999998509884,3.100000001490116,14.900000005960464,27.900000005960464,28.69999999552965,-2.867383474545804,29.400000005960464,3.600000001490116,9
reduced,240,0.22,chain,27.899999998509884,11.299999997019768,5.799999997019768,9.799999997019768,33.69999999552965,21.5,36.20178040696735,24.200000010430813,7.200000002980232,10.800000004470348
reduced,240,0.5,plain,25.600000001490116,11.299999997019768,3.7999999970197678,6.4000000059604645,29.899999998509884,17.600000001490116,41.1371237379022,21.5,4.600000001490116,6.600000001490116
reduced,240,0.5,chain,26,14,5.5,14,31.399999998509884,26.5,15.605095537396242,40.6000000089407,6,14.300000004470348
