engine,mode,method,n,targetSpecialRate,actualSpecialRate,loadout,repeat,burstMs,firstDrawMs,eventMs,destroyed,remaining,coinDelta,directCalls,recursiveKills,wallMs,gameSeconds,coreCleared,peakParticles,peakRings,peakBolts,peakArrows,peakEffects,earlyDrawP95Ms,maxUpdateMs,frameP95Ms
modern,normal,readback,77,0,0,plain,0,16,18.600000001490116,34.600000001490116,77,0,31760,77,0,6001.5,5.833333333333002,true,300,3,0,1,0,9.899999998509884,14.100000001490116,5.699999995529652
modern,normal,readback,77,0,0,plain,1,7.100000001490116,9.200000002980232,16.30000000447035,77,0,31760,77,0,6000.19999999553,5.733333333333007,true,300,3,0,1,0,9.899999998509884,14.100000001490116,5.699999995529652
modern,normal,readback,77,0,0,plain,2,6.5,9.200000002980232,15.700000002980232,77,0,31760,77,0,6001.69999999553,5.8499999999996675,true,300,3,0,1,0,9.899999998509884,14.100000001490116,5.699999995529652
modern,normal,readback,77,0,0,chain,0,7.300000004470348,10.700000002980232,18.00000000745058,77,0,31760,77,0,6000.39999999851,5.8499999999996675,true,300,19,0,1,18,10.699999995529652,8.5,7.799999997019768
modern,normal,readback,77,0,0,chain,1,6.899999998509884,9.100000001490116,16,77,0,31760,77,0,6002.0999999940395,5.8499999999996675,true,300,19,0,1,18,10.699999995529652,8.5,7.799999997019768
modern,normal,readback,77,0,0,chain,2,6.299999997019768,9.399999998509884,15.699999995529652,77,0,31760,77,0,6000.29999999702,5.833333333333002,true,300,19,0,1,18,10.699999995529652,8.5,7.799999997019768
modern,normal,readback,77,0.22,0.2077922077922078,plain,0,10.200000002980232,10.899999998509884,21.100000001490116,77,0,54533,69,8,6000.9000000059605,5.8499999999996675,true,300,14,15,10,0,8.600000001490116,3.2000000029802322,4.5
modern,normal,readback,77,0.22,0.2077922077922078,plain,1,8.700000002980232,8.599999994039536,17.299999997019768,77,0,54533,69,8,6002.20000000298,5.8499999999996675,true,300,14,15,10,0,8.600000001490116,3.2000000029802322,4.5
modern,normal,readback,77,0.22,0.2077922077922078,plain,2,8.299999997019768,9.100000001490116,17.399999998509884,77,0,54533,69,8,6001.10000000149,5.833333333333002,true,300,14,15,10,0,8.600000001490116,3.2000000029802322,4.5
modern,normal,readback,77,0.22,0.2077922077922078,chain,0,10.900000005960464,14.700000002980232,25.600000008940697,77,0,54533,60,17,6000.69999999553,5.8499999999996675,true,300,14,21,19,5,14.100000001490116,4.199999995529652,6.5
modern,normal,readback,77,0.22,0.2077922077922078,chain,1,10.5,13.100000001490116,23.600000001490116,77,0,54533,60,17,6002,5.8499999999996675,true,300,14,21,19,5,14.100000001490116,4.199999995529652,6.5
modern,normal,readback,77,0.22,0.2077922077922078,chain,2,8.599999994039536,12.799999997019768,21.399999991059303,77,0,54533,60,17,6001.80000000447,5.8499999999996675,true,300,14,21,19,5,14.100000001490116,4.199999995529652,6.5
modern,normal,readback,77,0.5,0.4935064935064935,plain,0,9.099999994039536,12.5,21.599999994039536,77,0,59987,56,21,6001.60000000149,5.833333333333002,true,300,27,34,22,0,9.399999998509884,3.899999998509884,4.199999995529652
modern,normal,readback,77,0.5,0.4935064935064935,plain,1,7.800000004470348,10.700000002980232,18.50000000745058,77,0,59987,56,21,6000.60000000149,5.8499999999996675,true,300,27,34,22,0,9.399999998509884,3.899999998509884,4.199999995529652
modern,normal,readback,77,0.5,0.4935064935064935,plain,2,7.700000002980232,12,19.700000002980232,77,0,59987,56,21,6001.10000000149,5.833333333333002,true,300,27,34,22,0,9.399999998509884,3.899999998509884,4.199999995529652
modern,normal,readback,77,0.5,0.4935064935064935,chain,0,10.399999998509884,15.699999995529652,26.099999994039536,77,0,59987,32,45,6001.5,5.6666666666663446,true,300,27,56,43,5,14.799999997019768,4.4000000059604645,6.200000002980232
modern,normal,readback,77,0.5,0.4935064935064935,chain,1,10.600000001490116,15.800000004470348,26.400000005960464,77,0,59987,32,45,6000.5,5.833333333333002,true,300,27,56,43,5,14.799999997019768,4.4000000059604645,6.200000002980232
modern,normal,readback,77,0.5,0.4935064935064935,chain,2,16.399999998509884,27,43.399999998509884,77,0,59987,32,45,6001.5,5.8499999999996675,true,300,27,56,43,5,14.799999997019768,4.4000000059604645,6.200000002980232
modern,normal,readback,240,0,0,plain,0,8,10.199999995529652,18.19999999552965,240,0,101728,240,0,6001.60000000149,5.833333333333002,true,300,3,0,1,0,8.299999997019768,10.600000001490116,6
modern,normal,readback,240,0,0,plain,1,8,9.700000002980232,17.700000002980232,240,0,101728,240,0,6000.0999999940395,5.8499999999996675,true,300,3,0,1,0,8.299999997019768,10.600000001490116,6
modern,normal,readback,240,0,0,plain,2,8,9.299999997019768,17.299999997019768,240,0,101728,240,0,6001.70000000298,5.8499999999996675,true,300,3,0,1,0,8.299999997019768,10.600000001490116,6
modern,normal,readback,240,0,0,chain,0,8.200000002980232,10.799999997019768,19,240,0,101728,240,0,6000.29999999702,5.833333333333002,true,300,19,0,1,18,14,9.599999994039536,8
modern,normal,readback,240,0,0,chain,1,8.100000001490116,10.199999995529652,18.299999997019768,240,0,101728,240,0,6002.30000000447,5.8499999999996675,true,300,19,0,1,18,14,9.599999994039536,8
modern,normal,readback,240,0,0,chain,2,8,10.5,18.5,240,0,101728,240,0,6001,5.8499999999996675,true,300,19,0,1,18,14,9.599999994039536,8
modern,normal,readback,240,0.22,0.21666666666666667,plain,0,13.300000004470348,13.700000002980232,27.00000000745058,240,0,175203,161,79,6001,5.833333333333002,true,300,35,55,31,0,11.100000001490116,3.1999999955296516,4.200000002980232
modern,normal,readback,240,0.22,0.21666666666666667,plain,1,13.399999998509884,12.600000001490116,26,240,0,175203,161,79,6000.5999999940395,5.833333333333002,true,300,35,55,31,0,11.100000001490116,3.1999999955296516,4.200000002980232
modern,normal,readback,240,0.22,0.21666666666666667,plain,2,10.799999997019768,12.399999998509884,23.19999999552965,240,0,175203,161,79,6001.89999999851,5.866666666666333,true,300,35,55,31,0,11.100000001490116,3.1999999955296516,4.200000002980232
modern,normal,readback,240,0.22,0.21666666666666667,chain,0,16.399999998509884,16.69999999552965,33.099999994039536,240,0,175203,103,137,6000.9000000059605,5.816666666666336,true,300,48,75,61,21,22.69999999552965,4.100000001490116,6.899999998509884
modern,normal,readback,240,0.22,0.21666666666666667,chain,1,13.600000001490116,15.600000001490116,29.200000002980232,240,0,175203,103,137,6001.5,5.8499999999996675,true,300,48,75,61,21,22.69999999552965,4.100000001490116,6.899999998509884
modern,normal,readback,240,0.22,0.21666666666666667,chain,2,15.399999998509884,16.899999998509884,32.29999999701977,240,0,175203,103,137,6000.5,5.8499999999996675,true,300,48,75,61,21,22.69999999552965,4.100000001490116,6.899999998509884
modern,normal,readback,240,0.5,0.5,plain,0,14.899999998509884,14.799999997019768,29.69999999552965,240,0,194292,54,186,6000.89999999851,5.833333333333002,true,300,48,117,64,0,13.100000001490116,3.8000000044703484,4.300000004470348
modern,normal,readback,240,0.5,0.5,plain,1,13.900000005960464,14.100000001490116,28.00000000745058,240,0,194292,54,186,6000.30000000447,5.866666666666333,true,300,48,117,64,0,13.100000001490116,3.8000000044703484,4.300000004470348
modern,normal,readback,240,0.5,0.5,plain,2,16.899999998509884,13.899999998509884,30.799999997019768,240,0,194292,54,186,6001.20000000298,5.866666666666333,true,300,48,117,64,0,13.100000001490116,3.8000000044703484,4.300000004470348
modern,normal,readback,240,0.5,0.5,chain,0,15.899999998509884,17.200000002980232,33.100000001490116,240,0,194292,22,218,6001,5.833333333333002,true,300,48,167,64,5,15.799999997019768,1552.3000000044703,6.399999998509884
modern,normal,readback,240,0.5,0.5,chain,1,14.399999998509884,16.299999997019768,30.69999999552965,240,0,194292,22,218,6001.20000000298,5.866666666666333,true,300,48,167,64,5,15.799999997019768,1552.3000000044703,6.399999998509884
modern,normal,readback,240,0.5,0.5,chain,2,17.599999994039536,16.600000001490116,34.19999999552965,240,0,194292,22,218,7191.29999999702,5.516666666666353,true,300,48,167,64,5,15.799999997019768,1552.3000000044703,6.399999998509884
modern,normal,raf,77,0,0,plain,0,74.40000000596046,70.79999999701977,145.20000000298023,77,0,31760,77,0,6000.79999999702,5.699999999999676,true,300,3,0,1,0,20.399999998509884,15.600000001490116,13.300000004470348
modern,normal,raf,77,0,0,chain,0,9.899999998509884,7.100000001490116,17,77,0,31760,77,0,6001.19999999553,5.833333333333002,true,300,19,0,1,18,11.700000002980232,12.100000001490116,13.5
modern,normal,raf,77,0.22,0.2077922077922078,plain,0,17.30000000447035,27.80000000447035,45.1000000089407,77,0,54533,69,8,6002.89999999851,5.833333333333002,true,300,14,15,10,0,12.899999998509884,19.700000002980232,9.600000001490116
modern,normal,raf,77,0.22,0.2077922077922078,chain,0,26.399999998509884,9.399999998509884,35.79999999701977,77,0,54533,60,17,6002.69999999553,5.8499999999996675,true,300,14,21,19,5,11.899999998509884,20.100000001490116,12.700000002980232
modern,normal,raf,77,0.5,0.4935064935064935,plain,0,15.199999995529652,9.600000001490116,24.799999997019768,77,0,59987,56,21,6001.60000000149,5.8499999999996675,true,300,27,34,22,0,4.899999998509884,18.700000002980232,9.899999998509884
modern,normal,raf,77,0.5,0.4935064935064935,chain,0,12.600000001490116,7,19.600000001490116,77,0,59987,32,45,6002.9000000059605,5.816666666666336,true,300,27,56,43,5,17.299999997019768,7.800000004470348,15
modern,normal,raf,240,0,0,plain,0,10.800000004470348,5.5,16.30000000447035,240,0,101728,240,0,6000.5,5.833333333333002,true,300,3,0,1,0,7,9.299999997019768,11.799999997019768
modern,normal,raf,240,0,0,chain,0,11.299999997019768,8.199999995529652,19.49999999254942,240,0,101728,240,0,6001.70000000298,5.816666666666336,true,300,19,0,1,18,11.200000002980232,56.899999998509884,13.600000001490116
modern,normal,raf,240,0.22,0.21666666666666667,plain,0,22.200000002980232,12,34.20000000298023,240,0,175203,161,79,6000.5,5.866666666666333,true,300,35,55,31,0,9.299999997019768,3,10.799999997019768
modern,normal,raf,240,0.22,0.21666666666666667,chain,0,13.799999997019768,7.199999995529652,20.99999999254942,240,0,175203,103,137,6003.5,5.833333333333002,true,300,48,75,61,21,7.5,30.099999994039536,14.900000005960464
modern,normal,raf,240,0.5,0.5,plain,0,13.5,8,21.5,240,0,194292,54,186,6000.29999999702,5.833333333333002,true,300,48,117,64,0,6.5999999940395355,3.1999999955296516,12.800000004470348
modern,normal,raf,240,0.5,0.5,chain,0,21.399999998509884,6.9000000059604645,28.30000000447035,240,0,194292,22,218,6000.0999999940395,5.833333333333002,true,300,48,167,64,5,12.299999997019768,6.100000001490116,9.899999998509884
modern,reduced,readback,77,0,0,plain,0,13.100000001490116,18.100000001490116,31.200000002980232,77,0,31760,77,0,6000.60000000149,5.983333333332993,true,300,3,0,1,0,3.899999998509884,9.100000001490116,1.8000000044703484
modern,reduced,readback,77,0,0,plain,1,4.399999998509884,4.100000001490116,8.5,77,0,31760,77,0,6000.60000000149,5.983333333332993,true,300,3,0,1,0,3.899999998509884,9.100000001490116,1.8000000044703484
modern,reduced,readback,77,0,0,plain,2,3,3.5,6.5,77,0,31760,77,0,6000.5,5.983333333332993,true,300,3,0,1,0,3.899999998509884,9.100000001490116,1.8000000044703484
modern,reduced,readback,77,0,0,chain,0,5.199999995529652,5.299999997019768,10.49999999254942,77,0,31760,77,0,6000.39999999851,5.983333333332993,true,300,19,0,1,18,2.899999998509884,7.100000001490116,2.2999999970197678
modern,reduced,readback,77,0,0,chain,1,4.100000001490116,3.899999998509884,8,77,0,31760,77,0,6001.10000000149,5.999999999999659,true,300,19,0,1,18,2.899999998509884,7.100000001490116,2.2999999970197678
modern,reduced,readback,77,0,0,chain,2,3.899999998509884,4.100000001490116,8,77,0,31760,77,0,6000.19999999553,5.983333333332993,true,300,19,0,1,18,2.899999998509884,7.100000001490116,2.2999999970197678
modern,reduced,readback,77,0.22,0.2077922077922078,plain,0,6.100000001490116,6.5,12.600000001490116,77,0,54533,69,8,6000.5,5.983333333332993,true,300,14,15,10,0,3.100000001490116,3.5,1.5
modern,reduced,readback,77,0.22,0.2077922077922078,plain,1,5.600000001490116,4.5,10.100000001490116,77,0,54533,69,8,6000.29999999702,5.983333333332993,true,300,14,15,10,0,3.100000001490116,3.5,1.5
modern,reduced,readback,77,0.22,0.2077922077922078,plain,2,5.100000001490116,4.299999997019768,9.399999998509884,77,0,54533,69,8,6000.5,5.983333333332993,true,300,14,15,10,0,3.100000001490116,3.5,1.5
modern,reduced,readback,77,0.22,0.2077922077922078,chain,0,7.700000002980232,8.5,16.200000002980232,77,0,54533,60,17,6000.5999999940395,5.983333333332993,true,300,14,21,19,5,6.899999998509884,5.299999997019768,3.4000000059604645
modern,reduced,readback,77,0.22,0.2077922077922078,chain,1,11.199999995529652,11,22.19999999552965,77,0,54533,60,17,6000.29999999702,5.983333333332993,true,300,14,21,19,5,6.899999998509884,5.299999997019768,3.4000000059604645
modern,reduced,readback,77,0.22,0.2077922077922078,chain,2,6.399999998509884,9.5,15.899999998509884,77,0,54533,60,17,6000.29999999702,5.983333333332993,true,300,14,21,19,5,6.899999998509884,5.299999997019768,3.4000000059604645
modern,reduced,readback,77,0.5,0.4935064935064935,plain,0,8.299999997019768,9.699999995529652,17.99999999254942,77,0,59987,56,21,6002.80000000447,5.983333333332993,true,300,24,34,22,0,6.100000001490116,7.299999997019768,4.300000004470348
modern,reduced,readback,77,0.5,0.4935064935064935,plain,1,10.699999995529652,5.399999998509884,16.099999994039536,77,0,59987,56,21,6002,5.999999999999659,true,300,24,34,22,0,6.100000001490116,7.299999997019768,4.300000004470348
modern,reduced,readback,77,0.5,0.4935064935064935,plain,2,6.699999995529652,5.299999997019768,11.99999999254942,77,0,59987,56,21,6001,5.999999999999659,true,300,24,34,22,0,6.100000001490116,7.299999997019768,4.300000004470348
modern,reduced,readback,77,0.5,0.4935064935064935,chain,0,23.600000001490116,13.599999994039536,37.19999999552965,77,0,59987,32,45,6001.70000000298,5.983333333332993,true,300,24,56,43,5,18.30000000447035,4.899999998509884,5.700000002980232
modern,reduced,readback,77,0.5,0.4935064935064935,chain,1,7.100000001490116,8.700000002980232,15.800000004470348,77,0,59987,32,45,6001.39999999851,5.999999999999659,true,300,24,56,43,5,18.30000000447035,4.899999998509884,5.700000002980232
modern,reduced,readback,77,0.5,0.4935064935064935,chain,2,14,12.899999998509884,26.899999998509884,77,0,59987,32,45,6000.29999999702,5.983333333332993,true,300,24,56,43,5,18.30000000447035,4.899999998509884,5.700000002980232
modern,reduced,readback,240,0,0,plain,0,4.899999998509884,11.200000002980232,16.100000001490116,240,0,101728,240,0,6000.19999999553,5.983333333332993,true,300,3,0,1,0,7.4000000059604645,8.300000004470348,5.300000004470348
modern,reduced,readback,240,0,0,plain,1,4.399999998509884,4.100000001490116,8.5,240,0,101728,240,0,6000.5,5.983333333332993,true,300,3,0,1,0,7.4000000059604645,8.300000004470348,5.300000004470348
modern,reduced,readback,240,0,0,plain,2,6.799999997019768,4.100000001490116,10.899999998509884,240,0,101728,240,0,6000.39999999851,5.983333333332993,true,300,3,0,1,0,7.4000000059604645,8.300000004470348,5.300000004470348
modern,reduced,readback,240,0,0,chain,0,5,7.799999997019768,12.799999997019768,240,0,101728,240,0,6001.80000000447,5.983333333332993,true,300,19,0,1,18,4.899999998509884,11.399999998509884,5.799999997019768
modern,reduced,readback,240,0,0,chain,1,9.399999998509884,7,16.399999998509884,240,0,101728,240,0,6001.39999999851,5.999999999999659,true,300,19,0,1,18,4.899999998509884,11.399999998509884,5.799999997019768
modern,reduced,readback,240,0,0,chain,2,6.299999997019768,6.5,12.799999997019768,240,0,101728,240,0,6001.20000000298,5.999999999999659,true,300,19,0,1,18,4.899999998509884,11.399999998509884,5.799999997019768
modern,reduced,readback,240,0.22,0.21666666666666667,plain,0,9.299999997019768,19.399999998509884,28.69999999552965,240,0,175203,161,79,6000.30000000447,5.983333333332993,true,300,24,55,31,0,9,14,5.100000001490116
modern,reduced,readback,240,0.22,0.21666666666666667,plain,1,10.399999998509884,8.399999998509884,18.799999997019768,240,0,175203,161,79,6000.39999999851,5.983333333332993,true,300,24,55,31,0,9,14,5.100000001490116
modern,reduced,readback,240,0.22,0.21666666666666667,plain,2,14.5,14.900000005960464,29.400000005960464,240,0,175203,161,79,6001.5,5.999999999999659,true,300,24,55,31,0,9,14,5.100000001490116
modern,reduced,readback,240,0.22,0.21666666666666667,chain,0,15.900000005960464,8.300000004470348,24.200000010430813,240,0,175203,103,137,6001.29999999702,5.983333333332993,true,300,24,75,61,21,10.800000004470348,4.100000001490116,4.799999997019768
modern,reduced,readback,240,0.22,0.21666666666666667,chain,1,11.299999997019768,10.200000002980232,21.5,240,0,175203,103,137,6008.29999999702,5.983333333332993,true,300,24,75,61,21,10.800000004470348,4.100000001490116,4.799999997019768
modern,reduced,readback,240,0.22,0.21666666666666667,chain,2,9.399999998509884,9.799999997019768,19.19999999552965,240,0,175203,103,137,6000.10000000149,5.983333333332993,true,300,24,75,61,21,10.800000004470348,4.100000001490116,4.799999997019768
modern,reduced,readback,240,0.5,0.5,plain,0,12,9.5,21.5,240,0,194292,54,186,6000.0999999940395,5.983333333332993,true,300,24,117,64,0,6.600000001490116,3.9000000059604645,3.7000000029802322
modern,reduced,readback,240,0.5,0.5,plain,1,10.100000001490116,6.4000000059604645,16.50000000745058,240,0,194292,54,186,6001.39999999851,5.999999999999659,true,300,24,117,64,0,6.600000001490116,3.9000000059604645,3.7000000029802322
modern,reduced,readback,240,0.5,0.5,plain,2,11.299999997019768,6.300000004470348,17.600000001490116,240,0,194292,54,186,6001.79999999702,5.999999999999659,true,300,24,117,64,0,6.600000001490116,3.9000000059604645,3.7000000029802322
modern,reduced,readback,240,0.5,0.5,chain,0,19.30000000447035,21.30000000447035,40.6000000089407,240,0,194292,22,218,6001.29999999702,5.983333333332993,true,300,24,167,64,5,14.300000004470348,8.700000002980232,5.399999998509884
modern,reduced,readback,240,0.5,0.5,chain,1,9.700000002980232,14,23.700000002980232,240,0,194292,22,218,6002.20000000298,5.983333333332993,true,300,24,167,64,5,14.300000004470348,8.700000002980232,5.399999998509884
modern,reduced,readback,240,0.5,0.5,chain,2,14,12.5,26.5,240,0,194292,22,218,6000.39999999851,5.983333333332993,true,300,24,167,64,5,14.300000004470348,8.700000002980232,5.399999998509884
chrome89,normal,readback,77,0,0,plain,0,52.615000000514556,80.82499999727588,133.43999999779044,77,0,31760,77,0,6009.114999993471,5.816666666666336,true,300,3,0,1,0,34.57000000344124,24.369999999180436,26.380000002973247
chrome89,normal,readback,77,0,0,chain,0,27.500000003783498,22.660000002360903,50.1600000061444,77,0,31760,77,0,6002.710000000661,5.766666666666339,true,300,19,0,1,18,46.309999997902196,30.559999999240972,22.32499999809079
chrome89,normal,readback,77,0.22,0.2077922077922078,plain,0,28.730000005452894,22.2349999967264,50.965000002179295,77,0,54533,69,8,6012.354999998934,5.8499999999996675,true,300,14,15,10,0,20.629999999073334,11.650000000372529,22.740000000339933
chrome89,normal,readback,77,0.22,0.2077922077922078,chain,0,29.15999999822816,18.41499999864027,47.57499999686843,77,0,54533,60,17,6011.64499999868,5.783333333333005,true,300,14,21,19,5,30.2049999954761,9.09999999566935,24.534999996831175
chrome89,normal,readback,77,0.5,0.4935064935064935,plain,0,39.409999997587875,38.110000001324806,77.51999999891268,77,0,59987,56,21,6007.445000002917,5.79999999999967,true,300,27,34,22,0,36.680000004707836,11.009999994712416,23.315000005823094
chrome89,normal,readback,77,0.5,0.4935064935064935,chain,0,22.46500000183005,17.56500000192318,40.03000000375323,77,0,59987,32,45,6004.404999999679,5.749999999999673,true,300,27,56,43,5,34.63999999803491,24.62999999988824,26.67500000097789
chrome89,normal,readback,240,0,0,plain,0,31.969999996363185,11.12499999726424,43.094999993627425,240,0,101728,240,0,6005.535000003874,5.833333333333002,true,300,3,0,1,0,14.210000001185108,13.559999999415595,22.74500000203261
chrome89,normal,readback,240,0,0,chain,0,22.414999999455176,12.675000005401671,35.09000000485685,240,0,101728,240,0,6006.079999999201,5.733333333333007,true,300,19,0,1,18,46.42999999487074,45.92499999853317,27.559999994991813
chrome89,normal,readback,240,0.22,0.21666666666666667,plain,0,44.959999999264255,32.09000000060769,77.04999999987194,240,0,175203,161,79,6014.115000005404,5.816666666666336,true,300,35,55,31,0,22.2150000045076,10.090000003401656,21.244999996270053
chrome89,normal,readback,240,0.22,0.21666666666666667,chain,0,57.43500000244239,24.134999999660067,81.57000000210246,240,0,175203,103,137,6005.604999998468,5.6666666666663446,true,300,48,75,61,21,46.17000000143889,12.425000000803266,23.73000000079628
chrome89,normal,readback,240,0.5,0.5,plain,0,53.01999999937834,19.82000000134576,72.8400000007241,240,0,194292,54,186,6002.984999999171,5.816666666666336,true,300,48,117,64,0,21.960000005492475,7.12500000372529,21.0300000035204
chrome89,normal,readback,240,0.5,0.5,chain,0,48.634999999194406,22.00499999889871,70.63999999809312,240,0,194292,22,218,6005.144999995537,5.766666666666339,true,300,48,167,64,5,43.31500000262167,15.595000004395843,23.049999996146653
